title,last_visit_date,visits,category
Shubhatara Charter Company Pvt. Ltd.,"Last Updated : 
            Aug 26, 2011",2883 views,Airlines
Agni Air (P.) Ltd.,"Last Updated : 
            May 14, 2013",5369 views,Airlines
Agni Air (P.) Ltd.,"Last Updated : 
            May 14, 2013",4720 views,Airlines
Agni Air (P.) Ltd. (Reservation),"Last Updated : 
            May 14, 2013",4455 views,Airlines
Air Arabia,"Last Updated : 
            May 14, 2013",5240 views,Airlines
Air China,"Last Updated : 
            May 14, 2013",4876 views,Airlines
Air Dynasty Heli Service P. Ltd.,"Last Updated : 
            May 14, 2013",4611 views,Airlines
Air India,"Last Updated : 
            May 14, 2013",5116 views,Airlines
Air Kasthamandap P. Ltd.,"Last Updated : 
            May 14, 2013",10606 views,Airlines
Air Mauritius,"Last Updated : 
            May 14, 2013",4643 views,Airlines
Alitalia Airlines,"Last Updated : 
            May 14, 2013",4525 views,Airlines
Alpine Air,"Last Updated : 
            May 14, 2013",4786 views,Airlines
Austrian Air,"Last Updated : 
            May 14, 2013",4772 views,Airlines
Avia Club Nepal,"Last Updated : 
            May 14, 2013",4615 views,Airlines
Biman Bangladesh  Airlines,"Last Updated : 
            May 14, 2013",4660 views,Airlines
Board of Airlines Representatives in Nepal (BARN),"Last Updated : 
            May 14, 2013",4952 views,Airlines
British Airways,"Last Updated : 
            May 14, 2013",4581 views,Airlines
Brunei Air,"Last Updated : 
            May 14, 2013",4940 views,Airlines
Buddha Air,"Last Updated : 
            May 14, 2013",4858 views,Airlines
Buddha Air,"Last Updated : 
            May 14, 2013",5823 views,Airlines
Buddha Air,"Last Updated : 
            May 14, 2013",4826 views,Airlines
Buddha Air,"Last Updated : 
            May 14, 2013",4597 views,Airlines
Buddha Air,"Last Updated : 
            May 14, 2013",4885 views,Airlines
Buddha Air,"Last Updated : 
            May 14, 2013",4402 views,Airlines
Buddha Air,"Last Updated : 
            May 14, 2013",4468 views,Airlines
Buddha Air,"Last Updated : 
            May 14, 2013",4441 views,Airlines
Buddha Air,"Last Updated : 
            May 14, 2013",4412 views,Airlines
Buddha Air,"Last Updated : 
            May 14, 2013",4494 views,Airlines
China Airlines,"Last Updated : 
            May 14, 2013",4273 views,Airlines
China Eastern Airlines,"Last Updated : 
            May 14, 2013",4038 views,Airlines
Dragon Air C/O Amravati Travels Pvt. Ltd.,"Last Updated : 
            May 14, 2013",4530 views,Airlines
"Dragon Air, Hong Kong","Last Updated : 
            May 14, 2013",3740 views,Airlines
Druk Air (Royal Bhutan Airlines),"Last Updated : 
            May 14, 2013",4016 views,Airlines
ELAL Israel Airlines,"Last Updated : 
            May 14, 2013",3685 views,Airlines
Emirates,"Last Updated : 
            May 14, 2013",4006 views,Airlines
Etihad Airways,"Last Updated : 
            May 14, 2013",4281 views,Airlines
Eurail (European Railways),"Last Updated : 
            May 14, 2013",2649 views,Airlines
Eva Air,"Last Updated : 
            May 14, 2013",3911 views,Airlines
Fishtail Air,"Last Updated : 
            May 14, 2013",3231 views,Airlines
G.S.A. - Air Express (P) Ltd.,"Last Updated : 
            May 14, 2013",2993 views,Airlines
